Date,00:00,01:00,02:00,03:00,04:00,05:00,06:00,07:00,08:00,09:00,10:00,11:00,12:00,13:00,14:00,15:00,16:00,17:00,18:00,19:00,20:00,21:00,22:00,23:00
1/1,12.31,12.31,12.31,12.31,12.31,12.31,32.82,32.82,32.82,32.82,32.82,32.82,36.92,36.92,36.92,36.92,36.92,36.92,20.51,20.51,20.51,20.51,20.51,20.51
1/2,12.31,12.31,12.31,12.31,12.31,12.31,32.82,32.82,32.82,32.82,32.82,32.82,36.92,36.92,36.92,36.92,36.92,36.92,20.51,20.51,20.51,20.51,20.51,20.51
1/3,12.31,12.31,12.31,12.31,12.31,12.31,32.82,32.82,32.82,32.82,32.82,32.82,36.92,36.92,36.92,36.92,36.92,36.92,20.51,20.51,20.51,20.51,20.51,20.51
1/4,15.38,15.38,15.38,15.38,15.38,15.38,41.03,41.03,41.03,41.03,41.03,41.03,46.15,46.15,46.15,46.15,46.15,46.15,25.64,25.64,25.64,25.64,25.64,25.64
1/5,15.38,15.38,15.38,15.38,15.38,15.38,41.03,41.03,41.03,41.03,41.03,41.03,46.15,46.15,46.15,46.15,46.15,46.15,25.64,25.64,25.64,25.64,25.64,25.64
1/6,12.31,12.31,12.31,12.31,12.31,12.31,32.82,32.82,32.82,32.82,32.82,32.82,36.92,36.92,36.92,36.92,36.92,36.92,20.51,20.51,20.51,20.51,20.51,20.51
1/7,12.31,12.31,12.31,12.31,12.31,12.31,32.82,32.82,32.82,32.82,32.82,32.82,36.92,36.92,36.92,36.92,36.92,36.92,20.51,20.51,20.51,20.51,20.51,20.51
1/8,12.31,12.31,12.31,12.31,12.31,12.31,32.82,32.82,32.82,32.82,32.82,32.82,36.92,36.92,36.92,36.92,36.92,36.92,20.51,20.51,20.51,20.51,20.51,20.51
1/9,15.38,15.38,15.38,15.38,15.38,15.38,41.03,41.03,41.03,41.03,41.03,41.03,46.15,46.15,46.15,46.15,46.15,46.15,25.64,25.64,25.64,25.64,25.64,25.64
1/10,15.38,15.38,15.38,15.38,15.38,15.38,41.03,41.03,41.03,41.03,41.03,41.03,46.15,46.15,46.15,46.15,46.15,46.15,25.64,25.64,25.64,25.64,25.64,25.64
1/11,15.38,15.38,15.38,15.38,15.38,15.38,41.03,41.03,41.03,41.03,41.03,41.03,46.15,46.15,46.15,46.15,46.15,46.15,25.64,25.64,25.64,25.64,25.64,25.64
1/12,15.38,15.38,15.38,15.38,15.38,15.38,41.03,41.03,41.03,41.03,41.03,41.03,46.15,46.15,46.15,46.15,46.15,46.15,25.64,25.64,25.64,25.64,25.64,25.64
1/13,12.31,12.31,12.31,12.31,12.31,12.31,32.82,32.82,32.82,32.82,32.82,32.82,36.92,36.92,36.92,36.92,36.92,36.92,20.51,20.51,20.51,20.51,20.51,20.51
1/14,12.31,12.31,12.31,12.31,12.31,12.31,32.82,32.82,32.82,32.82,32.82,32.82,36.92,36.92,36.92,36.92,36.92,36.92,20.51,20.51,20.51,20.51,20.51,20.51
1/15,15.38,15.38,15.38,15.38,15.38,15.38,41.03,41.03,41.03,41.03,41.03,41.03,46.15,46.15,46.15,46.15,46.15,46.15,25.64,25.64,25.64,25.64,25.64,25.64
1/16,15.38,15.38,15.38,15.38,15.38,15.38,41.03,41.03,41.03,41.03,41.03,41.03,46.15,46.15,46.15,46.15,46.15,46.15,25.64,25.64,25.64,25.64,25.64,25.64
1/17,15.38,15.38,15.38,15.38,15.38,15.38,41.03,41.03,41.03,41.03,41.03,41.03,46.15,46.15,46.15,46.15,46.15,46.15,25.64,25.64,25.64,25.64,25.64,25.64
1/18,15.38,15.38,15.38,15.38,15.38,15.38,41.03,41.03,41.03,41.03,41.03,41.03,46.15,46.15,46.15,46.15,46.15,46.15,25.64,25.64,25.64,25.64,25.64,25.64
1/19,15.38,15.38,15.38,15.38,15.38,15.38,41.03,41.03,41.03,41.03,41.03,41.03,46.15,46.15,46.15,46.15,46.15,46.15,25.64,25.64,25.64,25.64,25.64,25.64
1/20,12.31,12.31,12.31,12.31,12.31,12.31,32.82,32.82,32.82,32.82,32.82,32.82,36.92,36.92,36.92,36.92,36.92,36.92,20.51,20.51,20.51,20.51,20.51,20.51
1/21,12.31,12.31,12.31,12.31,12.31,12.31,32.82,32.82,32.82,32.82,32.82,32.82,36.92,36.92,36.92,36.92,36.92,36.92,20.51,20.51,20.51,20.51,20.51,20.51
1/22,15.38,15.38,15.38,15.38,15.38,15.38,41.03,41.03,41.03,41.03,41.03,41.03,46.15,46.15,46.15,46.15,46.15,46.15,25.64,25.64,25.64,25.64,25.64,25.64
1/23,15.38,15.38,15.38,15.38,15.38,15.38,41.03,41.03,41.03,41.03,41.03,41.03,46.15,46.15,46.15,46.15,46.15,46.15,25.64,25.64,25.64,25.64,25.64,25.64
1/24,15.38,15.38,15.38,15.38,15.38,15.38,41.03,41.03,41.03,41.03,41.03,41.03,46.15,46.15,46.15,46.15,46.15,46.15,25.64,25.64,25.64,25.64,25.64,25.64
1/25,15.38,15.38,15.38,15.38,15.38,15.38,41.03,41.03,41.03,41.03,41.03,41.03,46.15,46.15,46.15,46.15,46.15,46.15,25.64,25.64,25.64,25.64,25.64,25.64
1/26,15.38,15.38,15.38,15.38,15.38,15.38,41.03,41.03,41.03,41.03,41.03,41.03,46.15,46.15,46.15,46.15,46.15,46.15,25.64,25.64,25.64,25.64,25.64,25.64
1/27,12.31,12.31,12.31,12.31,12.31,12.31,32.82,32.82,32.82,32.82,32.82,32.82,36.92,36.92,36.92,36.92,36.92,36.92,20.51,20.51,20.51,20.51,20.51,20.51
1/28,12.31,12.31,12.31,12.31,12.31,12.31,32.82,32.82,32.82,32.82,32.82,32.82,36.92,36.92,36.92,36.92,36.92,36.92,20.51,20.51,20.51,20.51,20.51,20.51
1/29,15.38,15.38,15.38,15.38,15.38,15.38,41.03,41.03,41.03,41.03,41.03,41.03,46.15,46.15,46.15,46.15,46.15,46.15,25.64,25.64,25.64,25.64,25.64,25.64
1/30,15.38,15.38,15.38,15.38,15.38,15.38,41.03,41.03,41.03,41.03,41.03,41.03,46.15,46.15,46.15,46.15,46.15,46.15,25.64,25.64,25.64,25.64,25.64,25.64
1/31,15.38,15.38,15.38,15.38,15.38,15.38,41.03,41.03,41.03,41.03,41.03,41.03,46.15,46.15,46.15,46.15,46.15,46.15,25.64,25.64,25.64,25.64,25.64,25.64
2/1,15.38,15.38,15.38,15.38,15.38,15.38,41.03,41.03,41.03,41.03,41.03,41.03,46.15,46.15,46.15,46.15,46.15,46.15,25.64,25.64,25.64,25.64,25.64,25.64
2/2,15.38,15.38,15.38,15.38,15.38,15.38,41.03,41.03,41.03,41.03,41.03,41.03,46.15,46.15,46.15,46.15,46.15,46.15,25.64,25.64,25.64,25.64,25.64,25.64
2/3,12.31,12.31,12.31,12.31,12.31,12.31,32.82,32.82,32.82,32.82,32.82,32.82,36.92,36.92,36.92,36.92,36.92,36.92,20.51,20.51,20.51,20.51,20.51,20.51
2/4,12.31,12.31,12.31,12.31,12.31,12.31,32.82,32.82,32.82,32.82,32.82,32.82,36.92,36.92,36.92,36.92,36.92,36.92,20.51,20.51,20.51,20.51,20.51,20.51
2/5,15.38,15.38,15.38,15.38,15.38,15.38,41.03,41.03,41.03,41.03,41.03,41.03,46.15,46.15,46.15,46.15,46.15,46.15,25.64,25.64,25.64,25.64,25.64,25.64
2/6,15.38,15.38,15.38,15.38,15.38,15.38,41.03,41.03,41.03,41.03,41.03,41.03,46.15,46.15,46.15,46.15,46.15,46.15,25.64,25.64,25.64,25.64,25.64,25.64
2/7,15.38,15.38,15.38,15.38,15.38,15.38,41.03,41.03,41.03,41.03,41.03,41.03,46.15,46.15,46.15,46.15,46.15,46.15,25.64,25.64,25.64,25.64,25.64,25.64
2/8,15.38,15.38,15.38,15.38,15.38,15.38,41.03,41.03,41.03,41.03,41.03,41.03,46.15,46.15,46.15,46.15,46.15,46.15,25.64,25.64,25.64,25.64,25.64,25.64
2/9,15.38,15.38,15.38,15.38,15.38,15.38,41.03,41.03,41.03,41.03,41.03,41.03,46.15,46.15,46.15,46.15,46.15,46.15,25.64,25.64,25.64,25.64,25.64,25.64
2/10,12.31,12.31,12.31,12.31,12.31,12.31,32.82,32.82,32.82,32.82,32.82,32.82,36.92,36.92,36.92,36.92,36.92,36.92,20.51,20.51,20.51,20.51,20.51,20.51
2/11,12.31,12.31,12.31,12.31,12.31,12.31,32.82,32.82,32.82,32.82,32.82,32.82,36.92,36.92,36.92,36.92,36.92,36.92,20.51,20.51,20.51,20.51,20.51,20.51
2/12,12.31,12.31,12.31,12.31,12.31,12.31,32.82,32.82,32.82,32.82,32.82,32.82,36.92,36.92,36.92,36.92,36.92,36.92,20.51,20.51,20.51,20.51,20.51,20.51
2/13,15.38,15.38,15.38,15.38,15.38,15.38,41.03,41.03,41.03,41.03,41.03,41.03,46.15,46.15,46.15,46.15,46.15,46.15,25.64,25.64,25.64,25.64,25.64,25.64
2/14,15.38,15.38,15.38,15.38,15.38,15.38,41.03,41.03,41.03,41.03,41.03,41.03,46.15,46.15,46.15,46.15,46.15,46.15,25.64,25.64,25.64,25.64,25.64,25.64
2/15,15.38,15.38,15.38,15.38,15.38,15.38,41.03,41.03,41.03,41.03,41.03,41.03,46.15,46.15,46.15,46.15,46.15,46.15,25.64,25.64,25.64,25.64,25.64,25.64
2/16,15.38,15.38,15.38,15.38,15.38,15.38,41.03,41.03,41.03,41.03,41.03,41.03,46.15,46.15,46.15,46.15,46.15,46.15,25.64,25.64,25.64,25.64,25.64,25.64
2/17,12.31,12.31,12.31,12.31,12.31,12.31,32.82,32.82,32.82,32.82,32.82,32.82,36.92,36.92,36.92,36.92,36.92,36.92,20.51,20.51,20.51,20.51,20.51,20.51
2/18,12.31,12.31,12.31,12.31,12.31,12.31,32.82,32.82,32.82,32.82,32.82,32.82,36.92,36.92,36.92,36.92,36.92,36.92,20.51,20.51,20.51,20.51,20.51,20.51
2/19,15.38,15.38,15.38,15.38,15.38,15.38,41.03,41.03,41.03,41.03,41.03,41.03,46.15,46.15,46.15,46.15,46.15,46.15,25.64,25.64,25.64,25.64,25.64,25.64
2/20,15.38,15.38,15.38,15.38,15.38,15.38,41.03,41.03,41.03,41.03,41.03,41.03,46.15,46.15,46.15,46.15,46.15,46.15,25.64,25.64,25.64,25.64,25.64,25.64
2/21,15.38,15.38,15.38,15.38,15.38,15.38,41.03,41.03,41.03,41.03,41.03,41.03,46.15,46.15,46.15,46.15,46.15,46.15,25.64,25.64,25.64,25.64,25.64,25.64
2/22,15.38,15.38,15.38,15.38,15.38,15.38,41.03,41.03,41.03,41.03,41.03,41.03,46.15,46.15,46.15,46.15,46.15,46.15,25.64,25.64,25.64,25.64,25.64,25.64
2/23,12.31,12.31,12.31,12.31,12.31,12.31,32.82,32.82,32.82,32.82,32.82,32.82,36.92,36.92,36.92,36.92,36.92,36.92,20.51,20.51,20.51,20.51,20.51,20.51
2/24,12.31,12.31,12.31,12.31,12.31,12.31,32.82,32.82,32.82,32.82,32.82,32.82,36.92,36.92,36.92,36.92,36.92,36.92,20.51,20.51,20.51,20.51,20.51,20.51
2/25,12.31,12.31,12.31,12.31,12.31,12.31,32.82,32.82,32.82,32.82,32.82,32.82,36.92,36.92,36.92,36.92,36.92,36.92,20.51,20.51,20.51,20.51,20.51,20.51
2/26,15.38,15.38,15.38,15.38,15.38,15.38,41.03,41.03,41.03,41.03,41.03,41.03,46.15,46.15,46.15,46.15,46.15,46.15,25.64,25.64,25.64,25.64,25.64,25.64
2/27,15.38,15.38,15.38,15.38,15.38,15.38,41.03,41.03,41.03,41.03,41.03,41.03,46.15,46.15,46.15,46.15,46.15,46.15,25.64,25.64,25.64,25.64,25.64,25.64
2/28,15.38,15.38,15.38,15.38,15.38,15.38,41.03,41.03,41.03,41.03,41.03,41.03,46.15,46.15,46.15,46.15,46.15,46.15,25.64,25.64,25.64,25.64,25.64,25.64
3/1,13.19,13.19,13.19,13.19,13.19,13.19,35.19,35.19,35.19,35.19,35.19,35.19,39.58,39.58,39.58,39.58,39.58,39.58,21.99,21.99,21.99,21.99,21.99,21.99
3/2,10.56,10.56,10.56,10.56,10.56,10.56,28.15,28.15,28.15,28.15,28.15,28.15,31.67,31.67,31.67,31.67,31.67,31.67,17.59,17.59,17.59,17.59,17.59,17.59
3/3,10.56,10.56,10.56,10.56,10.56,10.56,28.15,28.15,28.15,28.15,28.15,28.15,31.67,31.67,31.67,31.67,31.67,31.67,17.59,17.59,17.59,17.59,17.59,17.59
3/4,13.19,13.19,13.19,13.19,13.19,13.19,35.19,35.19,35.19,35.19,35.19,35.19,39.58,39.58,39.58,39.58,39.58,39.58,21.99,21.99,21.99,21.99,21.99,21.99
3/5,13.19,13.19,13.19,13.19,13.19,13.19,35.19,35.19,35.19,35.19,35.19,35.19,39.58,39.58,39.58,39.58,39.58,39.58,21.99,21.99,21.99,21.99,21.99,21.99
3/6,13.19,13.19,13.19,13.19,13.19,13.19,35.19,35.19,35.19,35.19,35.19,35.19,39.58,39.58,39.58,39.58,39.58,39.58,21.99,21.99,21.99,21.99,21.99,21.99
3/7,13.19,13.19,13.19,13.19,13.19,13.19,35.19,35.19,35.19,35.19,35.19,35.19,39.58,39.58,39.58,39.58,39.58,39.58,21.99,21.99,21.99,21.99,21.99,21.99
3/8,13.19,13.19,13.19,13.19,13.19,13.19,35.19,35.19,35.19,35.19,35.19,35.19,39.58,39.58,39.58,39.58,39.58,39.58,21.99,21.99,21.99,21.99,21.99,21.99
3/9,10.56,10.56,10.56,10.56,10.56,10.56,28.15,28.15,28.15,28.15,28.15,28.15,31.67,31.67,31.67,31.67,31.67,31.67,17.59,17.59,17.59,17.59,17.59,17.59
3/10,10.56,10.56,10.56,10.56,10.56,10.56,28.15,28.15,28.15,28.15,28.15,28.15,31.67,31.67,31.67,31.67,31.67,31.67,17.59,17.59,17.59,17.59,17.59,17.59
3/11,13.19,13.19,13.19,13.19,13.19,13.19,35.19,35.19,35.19,35.19,35.19,35.19,39.58,39.58,39.58,39.58,39.58,39.58,21.99,21.99,21.99,21.99,21.99,21.99
3/12,13.19,13.19,13.19,13.19,13.19,13.19,35.19,35.19,35.19,35.19,35.19,35.19,39.58,39.58,39.58,39.58,39.58,39.58,21.99,21.99,21.99,21.99,21.99,21.99
3/13,13.19,13.19,13.19,13.19,13.19,13.19,35.19,35.19,35.19,35.19,35.19,35.19,39.58,39.58,39.58,39.58,39.58,39.58,21.99,21.99,21.99,21.99,21.99,21.99
3/14,13.19,13.19,13.19,13.19,13.19,13.19,35.19,35.19,35.19,35.19,35.19,35.19,39.58,39.58,39.58,39.58,39.58,39.58,21.99,21.99,21.99,21.99,21.99,21.99
3/15,13.19,13.19,13.19,13.19,13.19,13.19,35.19,35.19,35.19,35.19,35.19,35.19,39.58,39.58,39.58,39.58,39.58,39.58,21.99,21.99,21.99,21.99,21.99,21.99
3/16,10.56,10.56,10.56,10.56,10.56,10.56,28.15,28.15,28.15,28.15,28.15,28.15,31.67,31.67,31.67,31.67,31.67,31.67,17.59,17.59,17.59,17.59,17.59,17.59
3/17,10.56,10.56,10.56,10.56,10.56,10.56,28.15,28.15,28.15,28.15,28.15,28.15,31.67,31.67,31.67,31.67,31.67,31.67,17.59,17.59,17.59,17.59,17.59,17.59
3/18,13.19,13.19,13.19,13.19,13.19,13.19,35.19,35.19,35.19,35.19,35.19,35.19,39.58,39.58,39.58,39.58,39.58,39.58,21.99,21.99,21.99,21.99,21.99,21.99
3/19,13.19,13.19,13.19,13.19,13.19,13.19,35.19,35.19,35.19,35.19,35.19,35.19,39.58,39.58,39.58,39.58,39.58,39.58,21.99,21.99,21.99,21.99,21.99,21.99
3/20,10.56,10.56,10.56,10.56,10.56,10.56,28.15,28.15,28.15,28.15,28.15,28.15,31.67,31.67,31.67,31.67,31.67,31.67,17.59,17.59,17.59,17.59,17.59,17.59
3/21,13.19,13.19,13.19,13.19,13.19,13.19,35.19,35.19,35.19,35.19,35.19,35.19,39.58,39.58,39.58,39.58,39.58,39.58,21.99,21.99,21.99,21.99,21.99,21.99
3/22,13.19,13.19,13.19,13.19,13.19,13.19,35.19,35.19,35.19,35.19,35.19,35.19,39.58,39.58,39.58,39.58,39.58,39.58,21.99,21.99,21.99,21.99,21.99,21.99
3/23,10.56,10.56,10.56,10.56,10.56,10.56,28.15,28.15,28.15,28.15,28.15,28.15,31.67,31.67,31.67,31.67,31.67,31.67,17.59,17.59,17.59,17.59,17.59,17.59
3/24,10.56,10.56,10.56,10.56,10.56,10.56,28.15,28.15,28.15,28.15,28.15,28.15,31.67,31.67,31.67,31.67,31.67,31.67,17.59,17.59,17.59,17.59,17.59,17.59
3/25,13.19,13.19,13.19,13.19,13.19,13.19,35.19,35.19,35.19,35.19,35.19,35.19,39.58,39.58,39.58,39.58,39.58,39.58,21.99,21.99,21.99,21.99,21.99,21.99
3/26,13.19,13.19,13.19,13.19,13.19,13.19,35.19,35.19,35.19,35.19,35.19,35.19,39.58,39.58,39.58,39.58,39.58,39.58,21.99,21.99,21.99,21.99,21.99,21.99
3/27,13.19,13.19,13.19,13.19,13.19,13.19,35.19,35.19,35.19,35.19,35.19,35.19,39.58,39.58,39.58,39.58,39.58,39.58,21.99,21.99,21.99,21.99,21.99,21.99
3/28,13.19,13.19,13.19,13.19,13.19,13.19,35.19,35.19,35.19,35.19,35.19,35.19,39.58,39.58,39.58,39.58,39.58,39.58,21.99,21.99,21.99,21.99,21.99,21.99
3/29,13.19,13.19,13.19,13.19,13.19,13.19,35.19,35.19,35.19,35.19,35.19,35.19,39.58,39.58,39.58,39.58,39.58,39.58,21.99,21.99,21.99,21.99,21.99,21.99
3/30,10.56,10.56,10.56,10.56,10.56,10.56,28.15,28.15,28.15,28.15,28.15,28.15,31.67,31.67,31.67,31.67,31.67,31.67,17.59,17.59,17.59,17.59,17.59,17.59
3/31,10.56,10.56,10.56,10.56,10.56,10.56,28.15,28.15,28.15,28.15,28.15,28.15,31.67,31.67,31.67,31.67,31.67,31.67,17.59,17.59,17.59,17.59,17.59,17.59
4/1,12.77,12.77,12.77,12.77,12.77,12.77,34.04,34.04,34.04,34.04,34.04,34.04,38.3,38.3,38.3,38.3,38.3,38.3,21.28,21.28,21.28,21.28,21.28,21.28
4/2,12.77,12.77,12.77,12.77,12.77,12.77,34.04,34.04,34.04,34.04,34.04,34.04,38.3,38.3,38.3,38.3,38.3,38.3,21.28,21.28,21.28,21.28,21.28,21.28
4/3,12.77,12.77,12.77,12.77,12.77,12.77,34.04,34.04,34.04,34.04,34.04,34.04,38.3,38.3,38.3,38.3,38.3,38.3,21.28,21.28,21.28,21.28,21.28,21.28
4/4,12.77,12.77,12.77,12.77,12.77,12.77,34.04,34.04,34.04,34.04,34.04,34.04,38.3,38.3,38.3,38.3,38.3,38.3,21.28,21.28,21.28,21.28,21.28,21.28
4/5,12.77,12.77,12.77,12.77,12.77,12.77,34.04,34.04,34.04,34.04,34.04,34.04,38.3,38.3,38.3,38.3,38.3,38.3,21.28,21.28,21.28,21.28,21.28,21.28
4/6,10.21,10.21,10.21,10.21,10.21,10.21,27.23,27.23,27.23,27.23,27.23,27.23,30.64,30.64,30.64,30.64,30.64,30.64,17.02,17.02,17.02,17.02,17.02,17.02
4/7,10.21,10.21,10.21,10.21,10.21,10.21,27.23,27.23,27.23,27.23,27.23,27.23,30.64,30.64,30.64,30.64,30.64,30.64,17.02,17.02,17.02,17.02,17.02,17.02
4/8,12.77,12.77,12.77,12.77,12.77,12.77,34.04,34.04,34.04,34.04,34.04,34.04,38.3,38.3,38.3,38.3,38.3,38.3,21.28,21.28,21.28,21.28,21.28,21.28
4/9,12.77,12.77,12.77,12.77,12.77,12.77,34.04,34.04,34.04,34.04,34.04,34.04,38.3,38.3,38.3,38.3,38.3,38.3,21.28,21.28,21.28,21.28,21.28,21.28
4/10,12.77,12.77,12.77,12.77,12.77,12.77,34.04,34.04,34.04,34.04,34.04,34.04,38.3,38.3,38.3,38.3,38.3,38.3,21.28,21.28,21.28,21.28,21.28,21.28
4/11,12.77,12.77,12.77,12.77,12.77,12.77,34.04,34.04,34.04,34.04,34.04,34.04,38.3,38.3,38.3,38.3,38.3,38.3,21.28,21.28,21.28,21.28,21.28,21.28
4/12,12.77,12.77,12.77,12.77,12.77,12.77,34.04,34.04,34.04,34.04,34.04,34.04,38.3,38.3,38.3,38.3,38.3,38.3,21.28,21.28,21.28,21.28,21.28,21.28
4/13,10.21,10.21,10.21,10.21,10.21,10.21,27.23,27.23,27.23,27.23,27.23,27.23,30.64,30.64,30.64,30.64,30.64,30.64,17.02,17.02,17.02,17.02,17.02,17.02
4/14,10.21,10.21,10.21,10.21,10.21,10.21,27.23,27.23,27.23,27.23,27.23,27.23,30.64,30.64,30.64,30.64,30.64,30.64,17.02,17.02,17.02,17.02,17.02,17.02
4/15,12.77,12.77,12.77,12.77,12.77,12.77,34.04,34.04,34.04,34.04,34.04,34.04,38.3,38.3,38.3,38.3,38.3,38.3,21.28,21.28,21.28,21.28,21.28,21.28
4/16,12.77,12.77,12.77,12.77,12.77,12.77,34.04,34.04,34.04,34.04,34.04,34.04,38.3,38.3,38.3,38.3,38.3,38.3,21.28,21.28,21.28,21.28,21.28,21.28
4/17,12.77,12.77,12.77,12.77,12.77,12.77,34.04,34.04,34.04,34.04,34.04,34.04,38.3,38.3,38.3,38.3,38.3,38.3,21.28,21.28,21.28,21.28,21.28,21.28
4/18,12.77,12.77,12.77,12.77,12.77,12.77,34.04,34.04,34.04,34.04,34.04,34.04,38.3,38.3,38.3,38.3,38.3,38.3,21.28,21.28,21.28,21.28,21.28,21.28
4/19,12.77,12.77,12.77,12.77,12.77,12.77,34.04,34.04,34.04,34.04,34.04,34.04,38.3,38.3,38.3,38.3,38.3,38.3,21.28,21.28,21.28,21.28,21.28,21.28
4/20,10.21,10.21,10.21,10.21,10.21,10.21,27.23,27.23,27.23,27.23,27.23,27.23,30.64,30.64,30.64,30.64,30.64,30.64,17.02,17.02,17.02,17.02,17.02,17.02
4/21,10.21,10.21,10.21,10.21,10.21,10.21,27.23,27.23,27.23,27.23,27.23,27.23,30.64,30.64,30.64,30.64,30.64,30.64,17.02,17.02,17.02,17.02,17.02,17.02
4/22,12.77,12.77,12.77,12.77,12.77,12.77,34.04,34.04,34.04,34.04,34.04,34.04,38.3,38.3,38.3,38.3,38.3,38.3,21.28,21.28,21.28,21.28,21.28,21.28
4/23,12.77,12.77,12.77,12.77,12.77,12.77,34.04,34.04,34.04,34.04,34.04,34.04,38.3,38.3,38.3,38.3,38.3,38.3,21.28,21.28,21.28,21.28,21.28,21.28
4/24,12.77,12.77,12.77,12.77,12.77,12.77,34.04,34.04,34.04,34.04,34.04,34.04,38.3,38.3,38.3,38.3,38.3,38.3,21.28,21.28,21.28,21.28,21.28,21.28
4/25,12.77,12.77,12.77,12.77,12.77,12.77,34.04,34.04,34.04,34.04,34.04,34.04,38.3,38.3,38.3,38.3,38.3,38.3,21.28,21.28,21.28,21.28,21.28,21.28
4/26,12.77,12.77,12.77,12.77,12.77,12.77,34.04,34.04,34.04,34.04,34.04,34.04,38.3,38.3,38.3,38.3,38.3,38.3,21.28,21.28,21.28,21.28,21.28,21.28
4/27,10.21,10.21,10.21,10.21,10.21,10.21,27.23,27.23,27.23,27.23,27.23,27.23,30.64,30.64,30.64,30.64,30.64,30.64,17.02,17.02,17.02,17.02,17.02,17.02
4/28,10.21,10.21,10.21,10.21,10.21,10.21,27.23,27.23,27.23,27.23,27.23,27.23,30.64,30.64,30.64,30.64,30.64,30.64,17.02,17.02,17.02,17.02,17.02,17.02
4/29,10.21,10.21,10.21,10.21,10.21,10.21,27.23,27.23,27.23,27.23,27.23,27.23,30.64,30.64,30.64,30.64,30.64,30.64,17.02,17.02,17.02,17.02,17.02,17.02
4/30,12.77,12.77,12.77,12.77,12.77,12.77,34.04,34.04,34.04,34.04,34.04,34.04,38.3,38.3,38.3,38.3,38.3,38.3,21.28,21.28,21.28,21.28,21.28,21.28
5/1,13.79,13.79,13.79,13.79,13.79,13.79,36.78,36.78,36.78,36.78,36.78,36.78,41.38,41.38,41.38,41.38,41.38,41.38,22.99,22.99,22.99,22.99,22.99,22.99
5/2,13.79,13.79,13.79,13.79,13.79,13.79,36.78,36.78,36.78,36.78,36.78,36.78,41.38,41.38,41.38,41.38,41.38,41.38,22.99,22.99,22.99,22.99,22.99,22.99
5/3,11.03,11.03,11.03,11.03,11.03,11.03,29.43,29.43,29.43,29.43,29.43,29.43,33.1,33.1,33.1,33.1,33.1,33.1,18.39,18.39,18.39,18.39,18.39,18.39
5/4,11.03,11.03,11.03,11.03,11.03,11.03,29.43,29.43,29.43,29.43,29.43,29.43,33.1,33.1,33.1,33.1,33.1,33.1,18.39,18.39,18.39,18.39,18.39,18.39
5/5,11.03,11.03,11.03,11.03,11.03,11.03,29.43,29.43,29.43,29.43,29.43,29.43,33.1,33.1,33.1,33.1,33.1,33.1,18.39,18.39,18.39,18.39,18.39,18.39
5/6,11.03,11.03,11.03,11.03,11.03,11.03,29.43,29.43,29.43,29.43,29.43,29.43,33.1,33.1,33.1,33.1,33.1,33.1,18.39,18.39,18.39,18.39,18.39,18.39
5/7,13.79,13.79,13.79,13.79,13.79,13.79,36.78,36.78,36.78,36.78,36.78,36.78,41.38,41.38,41.38,41.38,41.38,41.38,22.99,22.99,22.99,22.99,22.99,22.99
5/8,13.79,13.79,13.79,13.79,13.79,13.79,36.78,36.78,36.78,36.78,36.78,36.78,41.38,41.38,41.38,41.38,41.38,41.38,22.99,22.99,22.99,22.99,22.99,22.99
5/9,13.79,13.79,13.79,13.79,13.79,13.79,36.78,36.78,36.78,36.78,36.78,36.78,41.38,41.38,41.38,41.38,41.38,41.38,22.99,22.99,22.99,22.99,22.99,22.99
5/10,13.79,13.79,13.79,13.79,13.79,13.79,36.78,36.78,36.78,36.78,36.78,36.78,41.38,41.38,41.38,41.38,41.38,41.38,22.99,22.99,22.99,22.99,22.99,22.99
5/11,11.03,11.03,11.03,11.03,11.03,11.03,29.43,29.43,29.43,29.43,29.43,29.43,33.1,33.1,33.1,33.1,33.1,33.1,18.39,18.39,18.39,18.39,18.39,18.39
5/12,11.03,11.03,11.03,11.03,11.03,11.03,29.43,29.43,29.43,29.43,29.43,29.43,33.1,33.1,33.1,33.1,33.1,33.1,18.39,18.39,18.39,18.39,18.39,18.39
5/13,13.79,13.79,13.79,13.79,13.79,13.79,36.78,36.78,36.78,36.78,36.78,36.78,41.38,41.38,41.38,41.38,41.38,41.38,22.99,22.99,22.99,22.99,22.99,22.99
5/14,13.79,13.79,13.79,13.79,13.79,13.79,36.78,36.78,36.78,36.78,36.78,36.78,41.38,41.38,41.38,41.38,41.38,41.38,22.99,22.99,22.99,22.99,22.99,22.99
5/15,13.79,13.79,13.79,13.79,13.79,13.79,36.78,36.78,36.78,36.78,36.78,36.78,41.38,41.38,41.38,41.38,41.38,41.38,22.99,22.99,22.99,22.99,22.99,22.99
5/16,13.79,13.79,13.79,13.79,13.79,13.79,36.78,36.78,36.78,36.78,36.78,36.78,41.38,41.38,41.38,41.38,41.38,41.38,22.99,22.99,22.99,22.99,22.99,22.99
5/17,13.79,13.79,13.79,13.79,13.79,13.79,36.78,36.78,36.78,36.78,36.78,36.78,41.38,41.38,41.38,41.38,41.38,41.38,22.99,22.99,22.99,22.99,22.99,22.99
5/18,11.03,11.03,11.03,11.03,11.03,11.03,29.43,29.43,29.43,29.43,29.43,29.43,33.1,33.1,33.1,33.1,33.1,33.1,18.39,18.39,18.39,18.39,18.39,18.39
5/19,11.03,11.03,11.03,11.03,11.03,11.03,29.43,29.43,29.43,29.43,29.43,29.43,33.1,33.1,33.1,33.1,33.1,33.1,18.39,18.39,18.39,18.39,18.39,18.39
5/20,13.79,13.79,13.79,13.79,13.79,13.79,36.78,36.78,36.78,36.78,36.78,36.78,41.38,41.38,41.38,41.38,41.38,41.38,22.99,22.99,22.99,22.99,22.99,22.99
5/21,13.79,13.79,13.79,13.79,13.79,13.79,36.78,36.78,36.78,36.78,36.78,36.78,41.38,41.38,41.38,41.38,41.38,41.38,22.99,22.99,22.99,22.99,22.99,22.99
5/22,13.79,13.79,13.79,13.79,13.79,13.79,36.78,36.78,36.78,36.78,36.78,36.78,41.38,41.38,41.38,41.38,41.38,41.38,22.99,22.99,22.99,22.99,22.99,22.99
5/23,13.79,13.79,13.79,13.79,13.79,13.79,36.78,36.78,36.78,36.78,36.78,36.78,41.38,41.38,41.38,41.38,41.38,41.38,22.99,22.99,22.99,22.99,22.99,22.99
5/24,13.79,13.79,13.79,13.79,13.79,13.79,36.78,36.78,36.78,36.78,36.78,36.78,41.38,41.38,41.38,41.38,41.38,41.38,22.99,22.99,22.99,22.99,22.99,22.99
5/25,11.03,11.03,11.03,11.03,11.03,11.03,29.43,29.43,29.43,29.43,29.43,29.43,33.1,33.1,33.1,33.1,33.1,33.1,18.39,18.39,18.39,18.39,18.39,18.39
5/26,11.03,11.03,11.03,11.03,11.03,11.03,29.43,29.43,29.43,29.43,29.43,29.43,33.1,33.1,33.1,33.1,33.1,33.1,18.39,18.39,18.39,18.39,18.39,18.39
5/27,13.79,13.79,13.79,13.79,13.79,13.79,36.78,36.78,36.78,36.78,36.78,36.78,41.38,41.38,41.38,41.38,41.38,41.38,22.99,22.99,22.99,22.99,22.99,22.99
5/28,13.79,13.79,13.79,13.79,13.79,13.79,36.78,36.78,36.78,36.78,36.78,36.78,41.38,41.38,41.38,41.38,41.38,41.38,22.99,22.99,22.99,22.99,22.99,22.99
5/29,13.79,13.79,13.79,13.79,13.79,13.79,36.78,36.78,36.78,36.78,36.78,36.78,41.38,41.38,41.38,41.38,41.38,41.38,22.99,22.99,22.99,22.99,22.99,22.99
5/30,13.79,13.79,13.79,13.79,13.79,13.79,36.78,36.78,36.78,36.78,36.78,36.78,41.38,41.38,41.38,41.38,41.38,41.38,22.99,22.99,22.99,22.99,22.99,22.99
5/31,13.79,13.79,13.79,13.79,13.79,13.79,36.78,36.78,36.78,36.78,36.78,36.78,41.38,41.38,41.38,41.38,41.38,41.38,22.99,22.99,22.99,22.99,22.99,22.99
6/1,13.71,13.71,13.71,13.71,13.71,13.71,36.57,36.57,36.57,36.57,36.57,36.57,41.14,41.14,41.14,41.14,41.14,41.14,22.86,22.86,22.86,22.86,22.86,22.86
6/2,13.71,13.71,13.71,13.71,13.71,13.71,36.57,36.57,36.57,36.57,36.57,36.57,41.14,41.14,41.14,41.14,41.14,41.14,22.86,22.86,22.86,22.86,22.86,22.86
6/3,17.14,17.14,17.14,17.14,17.14,17.14,45.71,45.71,45.71,45.71,45.71,45.71,51.43,51.43,51.43,51.43,51.43,51.43,28.57,28.57,28.57,28.57,28.57,28.57
6/4,17.14,17.14,17.14,17.14,17.14,17.14,45.71,45.71,45.71,45.71,45.71,45.71,51.43,51.43,51.43,51.43,51.43,51.43,28.57,28.57,28.57,28.57,28.57,28.57
6/5,17.14,17.14,17.14,17.14,17.14,17.14,45.71,45.71,45.71,45.71,45.71,45.71,51.43,51.43,51.43,51.43,51.43,51.43,28.57,28.57,28.57,28.57,28.57,28.57
6/6,17.14,17.14,17.14,17.14,17.14,17.14,45.71,45.71,45.71,45.71,45.71,45.71,51.43,51.43,51.43,51.43,51.43,51.43,28.57,28.57,28.57,28.57,28.57,28.57
6/7,17.14,17.14,17.14,17.14,17.14,17.14,45.71,45.71,45.71,45.71,45.71,45.71,51.43,51.43,51.43,51.43,51.43,51.43,28.57,28.57,28.57,28.57,28.57,28.57
6/8,13.71,13.71,13.71,13.71,13.71,13.71,36.57,36.57,36.57,36.57,36.57,36.57,41.14,41.14,41.14,41.14,41.14,41.14,22.86,22.86,22.86,22.86,22.86,22.86
6/9,13.71,13.71,13.71,13.71,13.71,13.71,36.57,36.57,36.57,36.57,36.57,36.57,41.14,41.14,41.14,41.14,41.14,41.14,22.86,22.86,22.86,22.86,22.86,22.86
6/10,17.14,17.14,17.14,17.14,17.14,17.14,45.71,45.71,45.71,45.71,45.71,45.71,51.43,51.43,51.43,51.43,51.43,51.43,28.57,28.57,28.57,28.57,28.57,28.57
6/11,17.14,17.14,17.14,17.14,17.14,17.14,45.71,45.71,45.71,45.71,45.71,45.71,51.43,51.43,51.43,51.43,51.43,51.43,28.57,28.57,28.57,28.57,28.57,28.57
6/12,17.14,17.14,17.14,17.14,17.14,17.14,45.71,45.71,45.71,45.71,45.71,45.71,51.43,51.43,51.43,51.43,51.43,51.43,28.57,28.57,28.57,28.57,28.57,28.57
6/13,17.14,17.14,17.14,17.14,17.14,17.14,45.71,45.71,45.71,45.71,45.71,45.71,51.43,51.43,51.43,51.43,51.43,51.43,28.57,28.57,28.57,28.57,28.57,28.57
6/14,17.14,17.14,17.14,17.14,17.14,17.14,45.71,45.71,45.71,45.71,45.71,45.71,51.43,51.43,51.43,51.43,51.43,51.43,28.57,28.57,28.57,28.57,28.57,28.57
6/15,13.71,13.71,13.71,13.71,13.71,13.71,36.57,36.57,36.57,36.57,36.57,36.57,41.14,41.14,41.14,41.14,41.14,41.14,22.86,22.86,22.86,22.86,22.86,22.86
6/16,13.71,13.71,13.71,13.71,13.71,13.71,36.57,36.57,36.57,36.57,36.57,36.57,41.14,41.14,41.14,41.14,41.14,41.14,22.86,22.86,22.86,22.86,22.86,22.86
6/17,17.14,17.14,17.14,17.14,17.14,17.14,45.71,45.71,45.71,45.71,45.71,45.71,51.43,51.43,51.43,51.43,51.43,51.43,28.57,28.57,28.57,28.57,28.57,28.57
6/18,17.14,17.14,17.14,17.14,17.14,17.14,45.71,45.71,45.71,45.71,45.71,45.71,51.43,51.43,51.43,51.43,51.43,51.43,28.57,28.57,28.57,28.57,28.57,28.57
6/19,17.14,17.14,17.14,17.14,17.14,17.14,45.71,45.71,45.71,45.71,45.71,45.71,51.43,51.43,51.43,51.43,51.43,51.43,28.57,28.57,28.57,28.57,28.57,28.57
6/20,17.14,17.14,17.14,17.14,17.14,17.14,45.71,45.71,45.71,45.71,45.71,45.71,51.43,51.43,51.43,51.43,51.43,51.43,28.57,28.57,28.57,28.57,28.57,28.57
6/21,17.14,17.14,17.14,17.14,17.14,17.14,45.71,45.71,45.71,45.71,45.71,45.71,51.43,51.43,51.43,51.43,51.43,51.43,28.57,28.57,28.57,28.57,28.57,28.57
6/22,13.71,13.71,13.71,13.71,13.71,13.71,36.57,36.57,36.57,36.57,36.57,36.57,41.14,41.14,41.14,41.14,41.14,41.14,22.86,22.86,22.86,22.86,22.86,22.86
6/23,13.71,13.71,13.71,13.71,13.71,13.71,36.57,36.57,36.57,36.57,36.57,36.57,41.14,41.14,41.14,41.14,41.14,41.14,22.86,22.86,22.86,22.86,22.86,22.86
6/24,17.14,17.14,17.14,17.14,17.14,17.14,45.71,45.71,45.71,45.71,45.71,45.71,51.43,51.43,51.43,51.43,51.43,51.43,28.57,28.57,28.57,28.57,28.57,28.57
6/25,17.14,17.14,17.14,17.14,17.14,17.14,45.71,45.71,45.71,45.71,45.71,45.71,51.43,51.43,51.43,51.43,51.43,51.43,28.57,28.57,28.57,28.57,28.57,28.57
6/26,17.14,17.14,17.14,17.14,17.14,17.14,45.71,45.71,45.71,45.71,45.71,45.71,51.43,51.43,51.43,51.43,51.43,51.43,28.57,28.57,28.57,28.57,28.57,28.57
6/27,17.14,17.14,17.14,17.14,17.14,17.14,45.71,45.71,45.71,45.71,45.71,45.71,51.43,51.43,51.43,51.43,51.43,51.43,28.57,28.57,28.57,28.57,28.57,28.57
6/28,17.14,17.14,17.14,17.14,17.14,17.14,45.71,45.71,45.71,45.71,45.71,45.71,51.43,51.43,51.43,51.43,51.43,51.43,28.57,28.57,28.57,28.57,28.57,28.57
6/29,13.71,13.71,13.71,13.71,13.71,13.71,36.57,36.57,36.57,36.57,36.57,36.57,41.14,41.14,41.14,41.14,41.14,41.14,22.86,22.86,22.86,22.86,22.86,22.86
6/30,13.71,13.71,13.71,13.71,13.71,13.71,36.57,36.57,36.57,36.57,36.57,36.57,41.14,41.14,41.14,41.14,41.14,41.14,22.86,22.86,22.86,22.86,22.86,22.86
7/1,19.18,19.18,19.18,19.18,19.18,19.18,51.14,51.14,51.14,51.14,51.14,51.14,57.53,57.53,57.53,57.53,57.53,57.53,31.96,31.96,31.96,31.96,31.96,31.96
7/2,19.18,19.18,19.18,19.18,19.18,19.18,51.14,51.14,51.14,51.14,51.14,51.14,57.53,57.53,57.53,57.53,57.53,57.53,31.96,31.96,31.96,31.96,31.96,31.96
7/3,19.18,19.18,19.18,19.18,19.18,19.18,51.14,51.14,51.14,51.14,51.14,51.14,57.53,57.53,57.53,57.53,57.53,57.53,31.96,31.96,31.96,31.96,31.96,31.96
7/4,19.18,19.18,19.18,19.18,19.18,19.18,51.14,51.14,51.14,51.14,51.14,51.14,57.53,57.53,57.53,57.53,57.53,57.53,31.96,31.96,31.96,31.96,31.96,31.96
7/5,19.18,19.18,19.18,19.18,19.18,19.18,51.14,51.14,51.14,51.14,51.14,51.14,57.53,57.53,57.53,57.53,57.53,57.53,31.96,31.96,31.96,31.96,31.96,31.96
7/6,15.34,15.34,15.34,15.34,15.34,15.34,40.91,40.91,40.91,40.91,40.91,40.91,46.03,46.03,46.03,46.03,46.03,46.03,25.57,25.57,25.57,25.57,25.57,25.57
7/7,15.34,15.34,15.34,15.34,15.34,15.34,40.91,40.91,40.91,40.91,40.91,40.91,46.03,46.03,46.03,46.03,46.03,46.03,25.57,25.57,25.57,25.57,25.57,25.57
7/8,19.18,19.18,19.18,19.18,19.18,19.18,51.14,51.14,51.14,51.14,51.14,51.14,57.53,57.53,57.53,57.53,57.53,57.53,31.96,31.96,31.96,31.96,31.96,31.96
7/9,19.18,19.18,19.18,19.18,19.18,19.18,51.14,51.14,51.14,51.14,51.14,51.14,57.53,57.53,57.53,57.53,57.53,57.53,31.96,31.96,31.96,31.96,31.96,31.96
7/10,19.18,19.18,19.18,19.18,19.18,19.18,51.14,51.14,51.14,51.14,51.14,51.14,57.53,57.53,57.53,57.53,57.53,57.53,31.96,31.96,31.96,31.96,31.96,31.96
7/11,19.18,19.18,19.18,19.18,19.18,19.18,51.14,51.14,51.14,51.14,51.14,51.14,57.53,57.53,57.53,57.53,57.53,57.53,31.96,31.96,31.96,31.96,31.96,31.96
7/12,19.18,19.18,19.18,19.18,19.18,19.18,51.14,51.14,51.14,51.14,51.14,51.14,57.53,57.53,57.53,57.53,57.53,57.53,31.96,31.96,31.96,31.96,31.96,31.96
7/13,15.34,15.34,15.34,15.34,15.34,15.34,40.91,40.91,40.91,40.91,40.91,40.91,46.03,46.03,46.03,46.03,46.03,46.03,25.57,25.57,25.57,25.57,25.57,25.57
7/14,15.34,15.34,15.34,15.34,15.34,15.34,40.91,40.91,40.91,40.91,40.91,40.91,46.03,46.03,46.03,46.03,46.03,46.03,25.57,25.57,25.57,25.57,25.57,25.57
7/15,15.34,15.34,15.34,15.34,15.34,15.34,40.91,40.91,40.91,40.91,40.91,40.91,46.03,46.03,46.03,46.03,46.03,46.03,25.57,25.57,25.57,25.57,25.57,25.57
7/16,19.18,19.18,19.18,19.18,19.18,19.18,51.14,51.14,51.14,51.14,51.14,51.14,57.53,57.53,57.53,57.53,57.53,57.53,31.96,31.96,31.96,31.96,31.96,31.96
7/17,19.18,19.18,19.18,19.18,19.18,19.18,51.14,51.14,51.14,51.14,51.14,51.14,57.53,57.53,57.53,57.53,57.53,57.53,31.96,31.96,31.96,31.96,31.96,31.96
7/18,19.18,19.18,19.18,19.18,19.18,19.18,51.14,51.14,51.14,51.14,51.14,51.14,57.53,57.53,57.53,57.53,57.53,57.53,31.96,31.96,31.96,31.96,31.96,31.96
7/19,19.18,19.18,19.18,19.18,19.18,19.18,51.14,51.14,51.14,51.14,51.14,51.14,57.53,57.53,57.53,57.53,57.53,57.53,31.96,31.96,31.96,31.96,31.96,31.96
7/20,15.34,15.34,15.34,15.34,15.34,15.34,40.91,40.91,40.91,40.91,40.91,40.91,46.03,46.03,46.03,46.03,46.03,46.03,25.57,25.57,25.57,25.57,25.57,25.57
7/21,15.34,15.34,15.34,15.34,15.34,15.34,40.91,40.91,40.91,40.91,40.91,40.91,46.03,46.03,46.03,46.03,46.03,46.03,25.57,25.57,25.57,25.57,25.57,25.57
7/22,19.18,19.18,19.18,19.18,19.18,19.18,51.14,51.14,51.14,51.14,51.14,51.14,57.53,57.53,57.53,57.53,57.53,57.53,31.96,31.96,31.96,31.96,31.96,31.96
7/23,19.18,19.18,19.18,19.18,19.18,19.18,51.14,51.14,51.14,51.14,51.14,51.14,57.53,57.53,57.53,57.53,57.53,57.53,31.96,31.96,31.96,31.96,31.96,31.96
7/24,19.18,19.18,19.18,19.18,19.18,19.18,51.14,51.14,51.14,51.14,51.14,51.14,57.53,57.53,57.53,57.53,57.53,57.53,31.96,31.96,31.96,31.96,31.96,31.96
7/25,19.18,19.18,19.18,19.18,19.18,19.18,51.14,51.14,51.14,51.14,51.14,51.14,57.53,57.53,57.53,57.53,57.53,57.53,31.96,31.96,31.96,31.96,31.96,31.96
7/26,19.18,19.18,19.18,19.18,19.18,19.18,51.14,51.14,51.14,51.14,51.14,51.14,57.53,57.53,57.53,57.53,57.53,57.53,31.96,31.96,31.96,31.96,31.96,31.96
7/27,15.34,15.34,15.34,15.34,15.34,15.34,40.91,40.91,40.91,40.91,40.91,40.91,46.03,46.03,46.03,46.03,46.03,46.03,25.57,25.57,25.57,25.57,25.57,25.57
7/28,15.34,15.34,15.34,15.34,15.34,15.34,40.91,40.91,40.91,40.91,40.91,40.91,46.03,46.03,46.03,46.03,46.03,46.03,25.57,25.57,25.57,25.57,25.57,25.57
7/29,19.18,19.18,19.18,19.18,19.18,19.18,51.14,51.14,51.14,51.14,51.14,51.14,57.53,57.53,57.53,57.53,57.53,57.53,31.96,31.96,31.96,31.96,31.96,31.96
7/30,19.18,19.18,19.18,19.18,19.18,19.18,51.14,51.14,51.14,51.14,51.14,51.14,57.53,57.53,57.53,57.53,57.53,57.53,31.96,31.96,31.96,31.96,31.96,31.96
7/31,19.18,19.18,19.18,19.18,19.18,19.18,51.14,51.14,51.14,51.14,51.14,51.14,57.53,57.53,57.53,57.53,57.53,57.53,31.96,31.96,31.96,31.96,31.96,31.96
8/1,22.56,22.56,22.56,22.56,22.56,22.56,53.76,53.76,53.76,53.76,53.76,53.76,60.0,60.0,60.0,60.0,60.0,60.0,35.04,35.04,35.04,35.04,35.04,35.04
8/2,22.56,22.56,22.56,22.56,22.56,22.56,53.76,53.76,53.76,53.76,53.76,53.76,60.0,60.0,60.0,60.0,60.0,60.0,35.04,35.04,35.04,35.04,35.04,35.04
8/3,18.81,18.81,18.81,18.81,18.81,18.81,43.77,43.77,43.77,43.77,43.77,43.77,48.77,48.77,48.77,48.77,48.77,48.77,28.8,28.8,28.8,28.8,28.8,28.8
8/4,18.81,18.81,18.81,18.81,18.81,18.81,43.77,43.77,43.77,43.77,43.77,43.77,48.77,48.77,48.77,48.77,48.77,48.77,28.8,28.8,28.8,28.8,28.8,28.8
8/5,22.56,22.56,22.56,22.56,22.56,22.56,53.76,53.76,53.76,53.76,53.76,53.76,60.0,60.0,60.0,60.0,60.0,60.0,35.04,35.04,35.04,35.04,35.04,35.04
8/6,22.56,22.56,22.56,22.56,22.56,22.56,53.76,53.76,53.76,53.76,53.76,53.76,60.0,60.0,60.0,60.0,60.0,60.0,35.04,35.04,35.04,35.04,35.04,35.04
8/7,22.56,22.56,22.56,22.56,22.56,22.56,53.76,53.76,53.76,53.76,53.76,53.76,60.0,60.0,60.0,60.0,60.0,60.0,35.04,35.04,35.04,35.04,35.04,35.04
8/8,22.56,22.56,22.56,22.56,22.56,22.56,53.76,53.76,53.76,53.76,53.76,53.76,60.0,60.0,60.0,60.0,60.0,60.0,35.04,35.04,35.04,35.04,35.04,35.04
8/9,22.56,22.56,22.56,22.56,22.56,22.56,53.76,53.76,53.76,53.76,53.76,53.76,60.0,60.0,60.0,60.0,60.0,60.0,35.04,35.04,35.04,35.04,35.04,35.04
8/10,18.81,18.81,18.81,18.81,18.81,18.81,43.77,43.77,43.77,43.77,43.77,43.77,48.77,48.77,48.77,48.77,48.77,48.77,28.8,28.8,28.8,28.8,28.8,28.8
8/11,18.81,18.81,18.81,18.81,18.81,18.81,43.77,43.77,43.77,43.77,43.77,43.77,48.77,48.77,48.77,48.77,48.77,48.77,28.8,28.8,28.8,28.8,28.8,28.8
8/12,18.81,18.81,18.81,18.81,18.81,18.81,43.77,43.77,43.77,43.77,43.77,43.77,48.77,48.77,48.77,48.77,48.77,48.77,28.8,28.8,28.8,28.8,28.8,28.8
8/13,22.56,22.56,22.56,22.56,22.56,22.56,53.76,53.76,53.76,53.76,53.76,53.76,60.0,60.0,60.0,60.0,60.0,60.0,35.04,35.04,35.04,35.04,35.04,35.04
8/14,22.56,22.56,22.56,22.56,22.56,22.56,53.76,53.76,53.76,53.76,53.76,53.76,60.0,60.0,60.0,60.0,60.0,60.0,35.04,35.04,35.04,35.04,35.04,35.04
8/15,22.56,22.56,22.56,22.56,22.56,22.56,53.76,53.76,53.76,53.76,53.76,53.76,60.0,60.0,60.0,60.0,60.0,60.0,35.04,35.04,35.04,35.04,35.04,35.04
8/16,22.56,22.56,22.56,22.56,22.56,22.56,53.76,53.76,53.76,53.76,53.76,53.76,60.0,60.0,60.0,60.0,60.0,60.0,35.04,35.04,35.04,35.04,35.04,35.04
8/17,18.81,18.81,18.81,18.81,18.81,18.81,43.77,43.77,43.77,43.77,43.77,43.77,48.77,48.77,48.77,48.77,48.77,48.77,28.8,28.8,28.8,28.8,28.8,28.8
8/18,18.81,18.81,18.81,18.81,18.81,18.81,43.77,43.77,43.77,43.77,43.77,43.77,48.77,48.77,48.77,48.77,48.77,48.77,28.8,28.8,28.8,28.8,28.8,28.8
8/19,22.56,22.56,22.56,22.56,22.56,22.56,53.76,53.76,53.76,53.76,53.76,53.76,60.0,60.0,60.0,60.0,60.0,60.0,35.04,35.04,35.04,35.04,35.04,35.04
8/20,22.56,22.56,22.56,22.56,22.56,22.56,53.76,53.76,53.76,53.76,53.76,53.76,60.0,60.0,60.0,60.0,60.0,60.0,35.04,35.04,35.04,35.04,35.04,35.04
8/21,22.56,22.56,22.56,22.56,22.56,22.56,53.76,53.76,53.76,53.76,53.76,53.76,60.0,60.0,60.0,60.0,60.0,60.0,35.04,35.04,35.04,35.04,35.04,35.04
8/22,22.56,22.56,22.56,22.56,22.56,22.56,53.76,53.76,53.76,53.76,53.76,53.76,60.0,60.0,60.0,60.0,60.0,60.0,35.04,35.04,35.04,35.04,35.04,35.04
8/23,22.56,22.56,22.56,22.56,22.56,22.56,53.76,53.76,53.76,53.76,53.76,53.76,60.0,60.0,60.0,60.0,60.0,60.0,35.04,35.04,35.04,35.04,35.04,35.04
8/24,18.81,18.81,18.81,18.81,18.81,18.81,43.77,43.77,43.77,43.77,43.77,43.77,48.77,48.77,48.77,48.77,48.77,48.77,28.8,28.8,28.8,28.8,28.8,28.8
8/25,18.81,18.81,18.81,18.81,18.81,18.81,43.77,43.77,43.77,43.77,43.77,43.77,48.77,48.77,48.77,48.77,48.77,48.77,28.8,28.8,28.8,28.8,28.8,28.8
8/26,22.56,22.56,22.56,22.56,22.56,22.56,53.76,53.76,53.76,53.76,53.76,53.76,60.0,60.0,60.0,60.0,60.0,60.0,35.04,35.04,35.04,35.04,35.04,35.04
8/27,22.56,22.56,22.56,22.56,22.56,22.56,53.76,53.76,53.76,53.76,53.76,53.76,60.0,60.0,60.0,60.0,60.0,60.0,35.04,35.04,35.04,35.04,35.04,35.04
8/28,22.56,22.56,22.56,22.56,22.56,22.56,53.76,53.76,53.76,53.76,53.76,53.76,60.0,60.0,60.0,60.0,60.0,60.0,35.04,35.04,35.04,35.04,35.04,35.04
8/29,22.56,22.56,22.56,22.56,22.56,22.56,53.76,53.76,53.76,53.76,53.76,53.76,60.0,60.0,60.0,60.0,60.0,60.0,35.04,35.04,35.04,35.04,35.04,35.04
8/30,22.56,22.56,22.56,22.56,22.56,22.56,53.76,53.76,53.76,53.76,53.76,53.76,60.0,60.0,60.0,60.0,60.0,60.0,35.04,35.04,35.04,35.04,35.04,35.04
8/31,18.81,18.81,18.81,18.81,18.81,18.81,43.77,43.77,43.77,43.77,43.77,43.77,48.77,48.77,48.77,48.77,48.77,48.77,28.8,28.8,28.8,28.8,28.8,28.8
9/1,16.14,16.14,16.14,16.14,16.14,16.14,39.69,39.69,39.69,39.69,39.69,39.69,44.4,44.4,44.4,44.4,44.4,44.4,25.56,25.56,25.56,25.56,25.56,25.56
9/2,19.68,19.68,19.68,19.68,19.68,19.68,49.11,49.11,49.11,49.11,49.11,49.11,55.0,55.0,55.0,55.0,55.0,55.0,31.45,31.45,31.45,31.45,31.45,31.45
9/3,19.68,19.68,19.68,19.68,19.68,19.68,49.11,49.11,49.11,49.11,49.11,49.11,55.0,55.0,55.0,55.0,55.0,55.0,31.45,31.45,31.45,31.45,31.45,31.45
9/4,19.68,19.68,19.68,19.68,19.68,19.68,49.11,49.11,49.11,49.11,49.11,49.11,55.0,55.0,55.0,55.0,55.0,55.0,31.45,31.45,31.45,31.45,31.45,31.45
9/5,19.68,19.68,19.68,19.68,19.68,19.68,49.11,49.11,49.11,49.11,49.11,49.11,55.0,55.0,55.0,55.0,55.0,55.0,31.45,31.45,31.45,31.45,31.45,31.45
9/6,19.68,19.68,19.68,19.68,19.68,19.68,49.11,49.11,49.11,49.11,49.11,49.11,55.0,55.0,55.0,55.0,55.0,55.0,31.45,31.45,31.45,31.45,31.45,31.45
9/7,16.14,16.14,16.14,16.14,16.14,16.14,39.69,39.69,39.69,39.69,39.69,39.69,44.4,44.4,44.4,44.4,44.4,44.4,25.56,25.56,25.56,25.56,25.56,25.56
9/8,16.14,16.14,16.14,16.14,16.14,16.14,39.69,39.69,39.69,39.69,39.69,39.69,44.4,44.4,44.4,44.4,44.4,44.4,25.56,25.56,25.56,25.56,25.56,25.56
9/9,19.68,19.68,19.68,19.68,19.68,19.68,49.11,49.11,49.11,49.11,49.11,49.11,55.0,55.0,55.0,55.0,55.0,55.0,31.45,31.45,31.45,31.45,31.45,31.45
9/10,19.68,19.68,19.68,19.68,19.68,19.68,49.11,49.11,49.11,49.11,49.11,49.11,55.0,55.0,55.0,55.0,55.0,55.0,31.45,31.45,31.45,31.45,31.45,31.45
9/11,19.68,19.68,19.68,19.68,19.68,19.68,49.11,49.11,49.11,49.11,49.11,49.11,55.0,55.0,55.0,55.0,55.0,55.0,31.45,31.45,31.45,31.45,31.45,31.45
9/12,19.68,19.68,19.68,19.68,19.68,19.68,49.11,49.11,49.11,49.11,49.11,49.11,55.0,55.0,55.0,55.0,55.0,55.0,31.45,31.45,31.45,31.45,31.45,31.45
9/13,19.68,19.68,19.68,19.68,19.68,19.68,49.11,49.11,49.11,49.11,49.11,49.11,55.0,55.0,55.0,55.0,55.0,55.0,31.45,31.45,31.45,31.45,31.45,31.45
9/14,16.14,16.14,16.14,16.14,16.14,16.14,39.69,39.69,39.69,39.69,39.69,39.69,44.4,44.4,44.4,44.4,44.4,44.4,25.56,25.56,25.56,25.56,25.56,25.56
9/15,16.14,16.14,16.14,16.14,16.14,16.14,39.69,39.69,39.69,39.69,39.69,39.69,44.4,44.4,44.4,44.4,44.4,44.4,25.56,25.56,25.56,25.56,25.56,25.56
9/16,16.14,16.14,16.14,16.14,16.14,16.14,39.69,39.69,39.69,39.69,39.69,39.69,44.4,44.4,44.4,44.4,44.4,44.4,25.56,25.56,25.56,25.56,25.56,25.56
9/17,19.68,19.68,19.68,19.68,19.68,19.68,49.11,49.11,49.11,49.11,49.11,49.11,55.0,55.0,55.0,55.0,55.0,55.0,31.45,31.45,31.45,31.45,31.45,31.45
9/18,19.68,19.68,19.68,19.68,19.68,19.68,49.11,49.11,49.11,49.11,49.11,49.11,55.0,55.0,55.0,55.0,55.0,55.0,31.45,31.45,31.45,31.45,31.45,31.45
9/19,19.68,19.68,19.68,19.68,19.68,19.68,49.11,49.11,49.11,49.11,49.11,49.11,55.0,55.0,55.0,55.0,55.0,55.0,31.45,31.45,31.45,31.45,31.45,31.45
9/20,19.68,19.68,19.68,19.68,19.68,19.68,49.11,49.11,49.11,49.11,49.11,49.11,55.0,55.0,55.0,55.0,55.0,55.0,31.45,31.45,31.45,31.45,31.45,31.45
9/21,16.14,16.14,16.14,16.14,16.14,16.14,39.69,39.69,39.69,39.69,39.69,39.69,44.4,44.4,44.4,44.4,44.4,44.4,25.56,25.56,25.56,25.56,25.56,25.56
9/22,16.14,16.14,16.14,16.14,16.14,16.14,39.69,39.69,39.69,39.69,39.69,39.69,44.4,44.4,44.4,44.4,44.4,44.4,25.56,25.56,25.56,25.56,25.56,25.56
9/23,16.14,16.14,16.14,16.14,16.14,16.14,39.69,39.69,39.69,39.69,39.69,39.69,44.4,44.4,44.4,44.4,44.4,44.4,25.56,25.56,25.56,25.56,25.56,25.56
9/24,19.68,19.68,19.68,19.68,19.68,19.68,49.11,49.11,49.11,49.11,49.11,49.11,55.0,55.0,55.0,55.0,55.0,55.0,31.45,31.45,31.45,31.45,31.45,31.45
9/25,19.68,19.68,19.68,19.68,19.68,19.68,49.11,49.11,49.11,49.11,49.11,49.11,55.0,55.0,55.0,55.0,55.0,55.0,31.45,31.45,31.45,31.45,31.45,31.45
9/26,19.68,19.68,19.68,19.68,19.68,19.68,49.11,49.11,49.11,49.11,49.11,49.11,55.0,55.0,55.0,55.0,55.0,55.0,31.45,31.45,31.45,31.45,31.45,31.45
9/27,19.68,19.68,19.68,19.68,19.68,19.68,49.11,49.11,49.11,49.11,49.11,49.11,55.0,55.0,55.0,55.0,55.0,55.0,31.45,31.45,31.45,31.45,31.45,31.45
9/28,16.14,16.14,16.14,16.14,16.14,16.14,39.69,39.69,39.69,39.69,39.69,39.69,44.4,44.4,44.4,44.4,44.4,44.4,25.56,25.56,25.56,25.56,25.56,25.56
9/29,16.14,16.14,16.14,16.14,16.14,16.14,39.69,39.69,39.69,39.69,39.69,39.69,44.4,44.4,44.4,44.4,44.4,44.4,25.56,25.56,25.56,25.56,25.56,25.56
9/30,19.68,19.68,19.68,19.68,19.68,19.68,49.11,49.11,49.11,49.11,49.11,49.11,55.0,55.0,55.0,55.0,55.0,55.0,31.45,31.45,31.45,31.45,31.45,31.45
10/1,13.7,13.7,13.7,13.7,13.7,13.7,36.53,36.53,36.53,36.53,36.53,36.53,41.1,41.1,41.1,41.1,41.1,41.1,22.83,22.83,22.83,22.83,22.83,22.83
10/2,13.7,13.7,13.7,13.7,13.7,13.7,36.53,36.53,36.53,36.53,36.53,36.53,41.1,41.1,41.1,41.1,41.1,41.1,22.83,22.83,22.83,22.83,22.83,22.83
10/3,13.7,13.7,13.7,13.7,13.7,13.7,36.53,36.53,36.53,36.53,36.53,36.53,41.1,41.1,41.1,41.1,41.1,41.1,22.83,22.83,22.83,22.83,22.83,22.83
10/4,13.7,13.7,13.7,13.7,13.7,13.7,36.53,36.53,36.53,36.53,36.53,36.53,41.1,41.1,41.1,41.1,41.1,41.1,22.83,22.83,22.83,22.83,22.83,22.83
10/5,10.96,10.96,10.96,10.96,10.96,10.96,29.22,29.22,29.22,29.22,29.22,29.22,32.88,32.88,32.88,32.88,32.88,32.88,18.26,18.26,18.26,18.26,18.26,18.26
10/6,10.96,10.96,10.96,10.96,10.96,10.96,29.22,29.22,29.22,29.22,29.22,29.22,32.88,32.88,32.88,32.88,32.88,32.88,18.26,18.26,18.26,18.26,18.26,18.26
10/7,13.7,13.7,13.7,13.7,13.7,13.7,36.53,36.53,36.53,36.53,36.53,36.53,41.1,41.1,41.1,41.1,41.1,41.1,22.83,22.83,22.83,22.83,22.83,22.83
10/8,13.7,13.7,13.7,13.7,13.7,13.7,36.53,36.53,36.53,36.53,36.53,36.53,41.1,41.1,41.1,41.1,41.1,41.1,22.83,22.83,22.83,22.83,22.83,22.83
10/9,13.7,13.7,13.7,13.7,13.7,13.7,36.53,36.53,36.53,36.53,36.53,36.53,41.1,41.1,41.1,41.1,41.1,41.1,22.83,22.83,22.83,22.83,22.83,22.83
10/10,13.7,13.7,13.7,13.7,13.7,13.7,36.53,36.53,36.53,36.53,36.53,36.53,41.1,41.1,41.1,41.1,41.1,41.1,22.83,22.83,22.83,22.83,22.83,22.83
10/11,13.7,13.7,13.7,13.7,13.7,13.7,36.53,36.53,36.53,36.53,36.53,36.53,41.1,41.1,41.1,41.1,41.1,41.1,22.83,22.83,22.83,22.83,22.83,22.83
10/12,10.96,10.96,10.96,10.96,10.96,10.96,29.22,29.22,29.22,29.22,29.22,29.22,32.88,32.88,32.88,32.88,32.88,32.88,18.26,18.26,18.26,18.26,18.26,18.26
10/13,10.96,10.96,10.96,10.96,10.96,10.96,29.22,29.22,29.22,29.22,29.22,29.22,32.88,32.88,32.88,32.88,32.88,32.88,18.26,18.26,18.26,18.26,18.26,18.26
10/14,10.96,10.96,10.96,10.96,10.96,10.96,29.22,29.22,29.22,29.22,29.22,29.22,32.88,32.88,32.88,32.88,32.88,32.88,18.26,18.26,18.26,18.26,18.26,18.26
10/15,13.7,13.7,13.7,13.7,13.7,13.7,36.53,36.53,36.53,36.53,36.53,36.53,41.1,41.1,41.1,41.1,41.1,41.1,22.83,22.83,22.83,22.83,22.83,22.83
10/16,13.7,13.7,13.7,13.7,13.7,13.7,36.53,36.53,36.53,36.53,36.53,36.53,41.1,41.1,41.1,41.1,41.1,41.1,22.83,22.83,22.83,22.83,22.83,22.83
10/17,13.7,13.7,13.7,13.7,13.7,13.7,36.53,36.53,36.53,36.53,36.53,36.53,41.1,41.1,41.1,41.1,41.1,41.1,22.83,22.83,22.83,22.83,22.83,22.83
10/18,13.7,13.7,13.7,13.7,13.7,13.7,36.53,36.53,36.53,36.53,36.53,36.53,41.1,41.1,41.1,41.1,41.1,41.1,22.83,22.83,22.83,22.83,22.83,22.83
10/19,10.96,10.96,10.96,10.96,10.96,10.96,29.22,29.22,29.22,29.22,29.22,29.22,32.88,32.88,32.88,32.88,32.88,32.88,18.26,18.26,18.26,18.26,18.26,18.26
10/20,10.96,10.96,10.96,10.96,10.96,10.96,29.22,29.22,29.22,29.22,29.22,29.22,32.88,32.88,32.88,32.88,32.88,32.88,18.26,18.26,18.26,18.26,18.26,18.26
10/21,13.7,13.7,13.7,13.7,13.7,13.7,36.53,36.53,36.53,36.53,36.53,36.53,41.1,41.1,41.1,41.1,41.1,41.1,22.83,22.83,22.83,22.83,22.83,22.83
10/22,13.7,13.7,13.7,13.7,13.7,13.7,36.53,36.53,36.53,36.53,36.53,36.53,41.1,41.1,41.1,41.1,41.1,41.1,22.83,22.83,22.83,22.83,22.83,22.83
10/23,13.7,13.7,13.7,13.7,13.7,13.7,36.53,36.53,36.53,36.53,36.53,36.53,41.1,41.1,41.1,41.1,41.1,41.1,22.83,22.83,22.83,22.83,22.83,22.83
10/24,13.7,13.7,13.7,13.7,13.7,13.7,36.53,36.53,36.53,36.53,36.53,36.53,41.1,41.1,41.1,41.1,41.1,41.1,22.83,22.83,22.83,22.83,22.83,22.83
10/25,13.7,13.7,13.7,13.7,13.7,13.7,36.53,36.53,36.53,36.53,36.53,36.53,41.1,41.1,41.1,41.1,41.1,41.1,22.83,22.83,22.83,22.83,22.83,22.83
10/26,10.96,10.96,10.96,10.96,10.96,10.96,29.22,29.22,29.22,29.22,29.22,29.22,32.88,32.88,32.88,32.88,32.88,32.88,18.26,18.26,18.26,18.26,18.26,18.26
10/27,10.96,10.96,10.96,10.96,10.96,10.96,29.22,29.22,29.22,29.22,29.22,29.22,32.88,32.88,32.88,32.88,32.88,32.88,18.26,18.26,18.26,18.26,18.26,18.26
10/28,13.7,13.7,13.7,13.7,13.7,13.7,36.53,36.53,36.53,36.53,36.53,36.53,41.1,41.1,41.1,41.1,41.1,41.1,22.83,22.83,22.83,22.83,22.83,22.83
10/29,13.7,13.7,13.7,13.7,13.7,13.7,36.53,36.53,36.53,36.53,36.53,36.53,41.1,41.1,41.1,41.1,41.1,41.1,22.83,22.83,22.83,22.83,22.83,22.83
10/30,13.7,13.7,13.7,13.7,13.7,13.7,36.53,36.53,36.53,36.53,36.53,36.53,41.1,41.1,41.1,41.1,41.1,41.1,22.83,22.83,22.83,22.83,22.83,22.83
10/31,13.7,13.7,13.7,13.7,13.7,13.7,36.53,36.53,36.53,36.53,36.53,36.53,41.1,41.1,41.1,41.1,41.1,41.1,22.83,22.83,22.83,22.83,22.83,22.83
11/1,13.57,13.57,13.57,13.57,13.57,13.57,36.19,36.19,36.19,36.19,36.19,36.19,40.71,40.71,40.71,40.71,40.71,40.71,22.62,22.62,22.62,22.62,22.62,22.62
11/2,10.86,10.86,10.86,10.86,10.86,10.86,28.95,28.95,28.95,28.95,28.95,28.95,32.57,32.57,32.57,32.57,32.57,32.57,18.1,18.1,18.1,18.1,18.1,18.1
11/3,10.86,10.86,10.86,10.86,10.86,10.86,28.95,28.95,28.95,28.95,28.95,28.95,32.57,32.57,32.57,32.57,32.57,32.57,18.1,18.1,18.1,18.1,18.1,18.1
11/4,10.86,10.86,10.86,10.86,10.86,10.86,28.95,28.95,28.95,28.95,28.95,28.95,32.57,32.57,32.57,32.57,32.57,32.57,18.1,18.1,18.1,18.1,18.1,18.1
11/5,13.57,13.57,13.57,13.57,13.57,13.57,36.19,36.19,36.19,36.19,36.19,36.19,40.71,40.71,40.71,40.71,40.71,40.71,22.62,22.62,22.62,22.62,22.62,22.62
11/6,13.57,13.57,13.57,13.57,13.57,13.57,36.19,36.19,36.19,36.19,36.19,36.19,40.71,40.71,40.71,40.71,40.71,40.71,22.62,22.62,22.62,22.62,22.62,22.62
11/7,13.57,13.57,13.57,13.57,13.57,13.57,36.19,36.19,36.19,36.19,36.19,36.19,40.71,40.71,40.71,40.71,40.71,40.71,22.62,22.62,22.62,22.62,22.62,22.62
11/8,13.57,13.57,13.57,13.57,13.57,13.57,36.19,36.19,36.19,36.19,36.19,36.19,40.71,40.71,40.71,40.71,40.71,40.71,22.62,22.62,22.62,22.62,22.62,22.62
11/9,10.86,10.86,10.86,10.86,10.86,10.86,28.95,28.95,28.95,28.95,28.95,28.95,32.57,32.57,32.57,32.57,32.57,32.57,18.1,18.1,18.1,18.1,18.1,18.1
11/10,10.86,10.86,10.86,10.86,10.86,10.86,28.95,28.95,28.95,28.95,28.95,28.95,32.57,32.57,32.57,32.57,32.57,32.57,18.1,18.1,18.1,18.1,18.1,18.1
11/11,13.57,13.57,13.57,13.57,13.57,13.57,36.19,36.19,36.19,36.19,36.19,36.19,40.71,40.71,40.71,40.71,40.71,40.71,22.62,22.62,22.62,22.62,22.62,22.62
11/12,13.57,13.57,13.57,13.57,13.57,13.57,36.19,36.19,36.19,36.19,36.19,36.19,40.71,40.71,40.71,40.71,40.71,40.71,22.62,22.62,22.62,22.62,22.62,22.62
11/13,13.57,13.57,13.57,13.57,13.57,13.57,36.19,36.19,36.19,36.19,36.19,36.19,40.71,40.71,40.71,40.71,40.71,40.71,22.62,22.62,22.62,22.62,22.62,22.62
11/14,13.57,13.57,13.57,13.57,13.57,13.57,36.19,36.19,36.19,36.19,36.19,36.19,40.71,40.71,40.71,40.71,40.71,40.71,22.62,22.62,22.62,22.62,22.62,22.62
11/15,13.57,13.57,13.57,13.57,13.57,13.57,36.19,36.19,36.19,36.19,36.19,36.19,40.71,40.71,40.71,40.71,40.71,40.71,22.62,22.62,22.62,22.62,22.62,22.62
11/16,10.86,10.86,10.86,10.86,10.86,10.86,28.95,28.95,28.95,28.95,28.95,28.95,32.57,32.57,32.57,32.57,32.57,32.57,18.1,18.1,18.1,18.1,18.1,18.1
11/17,10.86,10.86,10.86,10.86,10.86,10.86,28.95,28.95,28.95,28.95,28.95,28.95,32.57,32.57,32.57,32.57,32.57,32.57,18.1,18.1,18.1,18.1,18.1,18.1
11/18,13.57,13.57,13.57,13.57,13.57,13.57,36.19,36.19,36.19,36.19,36.19,36.19,40.71,40.71,40.71,40.71,40.71,40.71,22.62,22.62,22.62,22.62,22.62,22.62
11/19,13.57,13.57,13.57,13.57,13.57,13.57,36.19,36.19,36.19,36.19,36.19,36.19,40.71,40.71,40.71,40.71,40.71,40.71,22.62,22.62,22.62,22.62,22.62,22.62
11/20,13.57,13.57,13.57,13.57,13.57,13.57,36.19,36.19,36.19,36.19,36.19,36.19,40.71,40.71,40.71,40.71,40.71,40.71,22.62,22.62,22.62,22.62,22.62,22.62
11/21,13.57,13.57,13.57,13.57,13.57,13.57,36.19,36.19,36.19,36.19,36.19,36.19,40.71,40.71,40.71,40.71,40.71,40.71,22.62,22.62,22.62,22.62,22.62,22.62
11/22,13.57,13.57,13.57,13.57,13.57,13.57,36.19,36.19,36.19,36.19,36.19,36.19,40.71,40.71,40.71,40.71,40.71,40.71,22.62,22.62,22.62,22.62,22.62,22.62
11/23,10.86,10.86,10.86,10.86,10.86,10.86,28.95,28.95,28.95,28.95,28.95,28.95,32.57,32.57,32.57,32.57,32.57,32.57,18.1,18.1,18.1,18.1,18.1,18.1
11/24,10.86,10.86,10.86,10.86,10.86,10.86,28.95,28.95,28.95,28.95,28.95,28.95,32.57,32.57,32.57,32.57,32.57,32.57,18.1,18.1,18.1,18.1,18.1,18.1
11/25,13.57,13.57,13.57,13.57,13.57,13.57,36.19,36.19,36.19,36.19,36.19,36.19,40.71,40.71,40.71,40.71,40.71,40.71,22.62,22.62,22.62,22.62,22.62,22.62
11/26,13.57,13.57,13.57,13.57,13.57,13.57,36.19,36.19,36.19,36.19,36.19,36.19,40.71,40.71,40.71,40.71,40.71,40.71,22.62,22.62,22.62,22.62,22.62,22.62
11/27,13.57,13.57,13.57,13.57,13.57,13.57,36.19,36.19,36.19,36.19,36.19,36.19,40.71,40.71,40.71,40.71,40.71,40.71,22.62,22.62,22.62,22.62,22.62,22.62
11/28,13.57,13.57,13.57,13.57,13.57,13.57,36.19,36.19,36.19,36.19,36.19,36.19,40.71,40.71,40.71,40.71,40.71,40.71,22.62,22.62,22.62,22.62,22.62,22.62
11/29,13.57,13.57,13.57,13.57,13.57,13.57,36.19,36.19,36.19,36.19,36.19,36.19,40.71,40.71,40.71,40.71,40.71,40.71,22.62,22.62,22.62,22.62,22.62,22.62
11/30,10.86,10.86,10.86,10.86,10.86,10.86,28.95,28.95,28.95,28.95,28.95,28.95,32.57,32.57,32.57,32.57,32.57,32.57,18.1,18.1,18.1,18.1,18.1,18.1
12/1,12.78,12.78,12.78,12.78,12.78,12.78,34.07,34.07,34.07,34.07,34.07,34.07,38.33,38.33,38.33,38.33,38.33,38.33,21.3,21.3,21.3,21.3,21.3,21.3
12/2,15.97,15.97,15.97,15.97,15.97,15.97,42.59,42.59,42.59,42.59,42.59,42.59,47.92,47.92,47.92,47.92,47.92,47.92,26.62,26.62,26.62,26.62,26.62,26.62
12/3,15.97,15.97,15.97,15.97,15.97,15.97,42.59,42.59,42.59,42.59,42.59,42.59,47.92,47.92,47.92,47.92,47.92,47.92,26.62,26.62,26.62,26.62,26.62,26.62
12/4,15.97,15.97,15.97,15.97,15.97,15.97,42.59,42.59,42.59,42.59,42.59,42.59,47.92,47.92,47.92,47.92,47.92,47.92,26.62,26.62,26.62,26.62,26.62,26.62
12/5,15.97,15.97,15.97,15.97,15.97,15.97,42.59,42.59,42.59,42.59,42.59,42.59,47.92,47.92,47.92,47.92,47.92,47.92,26.62,26.62,26.62,26.62,26.62,26.62
12/6,15.97,15.97,15.97,15.97,15.97,15.97,42.59,42.59,42.59,42.59,42.59,42.59,47.92,47.92,47.92,47.92,47.92,47.92,26.62,26.62,26.62,26.62,26.62,26.62
12/7,12.78,12.78,12.78,12.78,12.78,12.78,34.07,34.07,34.07,34.07,34.07,34.07,38.33,38.33,38.33,38.33,38.33,38.33,21.3,21.3,21.3,21.3,21.3,21.3
12/8,12.78,12.78,12.78,12.78,12.78,12.78,34.07,34.07,34.07,34.07,34.07,34.07,38.33,38.33,38.33,38.33,38.33,38.33,21.3,21.3,21.3,21.3,21.3,21.3
12/9,15.97,15.97,15.97,15.97,15.97,15.97,42.59,42.59,42.59,42.59,42.59,42.59,47.92,47.92,47.92,47.92,47.92,47.92,26.62,26.62,26.62,26.62,26.62,26.62
12/10,15.97,15.97,15.97,15.97,15.97,15.97,42.59,42.59,42.59,42.59,42.59,42.59,47.92,47.92,47.92,47.92,47.92,47.92,26.62,26.62,26.62,26.62,26.62,26.62
12/11,15.97,15.97,15.97,15.97,15.97,15.97,42.59,42.59,42.59,42.59,42.59,42.59,47.92,47.92,47.92,47.92,47.92,47.92,26.62,26.62,26.62,26.62,26.62,26.62
12/12,15.97,15.97,15.97,15.97,15.97,15.97,42.59,42.59,42.59,42.59,42.59,42.59,47.92,47.92,47.92,47.92,47.92,47.92,26.62,26.62,26.62,26.62,26.62,26.62
12/13,15.97,15.97,15.97,15.97,15.97,15.97,42.59,42.59,42.59,42.59,42.59,42.59,47.92,47.92,47.92,47.92,47.92,47.92,26.62,26.62,26.62,26.62,26.62,26.62
12/14,12.78,12.78,12.78,12.78,12.78,12.78,34.07,34.07,34.07,34.07,34.07,34.07,38.33,38.33,38.33,38.33,38.33,38.33,21.3,21.3,21.3,21.3,21.3,21.3
12/15,12.78,12.78,12.78,12.78,12.78,12.78,34.07,34.07,34.07,34.07,34.07,34.07,38.33,38.33,38.33,38.33,38.33,38.33,21.3,21.3,21.3,21.3,21.3,21.3
12/16,15.97,15.97,15.97,15.97,15.97,15.97,42.59,42.59,42.59,42.59,42.59,42.59,47.92,47.92,47.92,47.92,47.92,47.92,26.62,26.62,26.62,26.62,26.62,26.62
12/17,15.97,15.97,15.97,15.97,15.97,15.97,42.59,42.59,42.59,42.59,42.59,42.59,47.92,47.92,47.92,47.92,47.92,47.92,26.62,26.62,26.62,26.62,26.62,26.62
12/18,15.97,15.97,15.97,15.97,15.97,15.97,42.59,42.59,42.59,42.59,42.59,42.59,47.92,47.92,47.92,47.92,47.92,47.92,26.62,26.62,26.62,26.62,26.62,26.62
12/19,15.97,15.97,15.97,15.97,15.97,15.97,42.59,42.59,42.59,42.59,42.59,42.59,47.92,47.92,47.92,47.92,47.92,47.92,26.62,26.62,26.62,26.62,26.62,26.62
12/20,15.97,15.97,15.97,15.97,15.97,15.97,42.59,42.59,42.59,42.59,42.59,42.59,47.92,47.92,47.92,47.92,47.92,47.92,26.62,26.62,26.62,26.62,26.62,26.62
12/21,12.78,12.78,12.78,12.78,12.78,12.78,34.07,34.07,34.07,34.07,34.07,34.07,38.33,38.33,38.33,38.33,38.33,38.33,21.3,21.3,21.3,21.3,21.3,21.3
12/22,12.78,12.78,12.78,12.78,12.78,12.78,34.07,34.07,34.07,34.07,34.07,34.07,38.33,38.33,38.33,38.33,38.33,38.33,21.3,21.3,21.3,21.3,21.3,21.3
12/23,15.97,15.97,15.97,15.97,15.97,15.97,42.59,42.59,42.59,42.59,42.59,42.59,47.92,47.92,47.92,47.92,47.92,47.92,26.62,26.62,26.62,26.62,26.62,26.62
12/24,15.97,15.97,15.97,15.97,15.97,15.97,42.59,42.59,42.59,42.59,42.59,42.59,47.92,47.92,47.92,47.92,47.92,47.92,26.62,26.62,26.62,26.62,26.62,26.62
12/25,15.97,15.97,15.97,15.97,15.97,15.97,42.59,42.59,42.59,42.59,42.59,42.59,47.92,47.92,47.92,47.92,47.92,47.92,26.62,26.62,26.62,26.62,26.62,26.62
12/26,15.97,15.97,15.97,15.97,15.97,15.97,42.59,42.59,42.59,42.59,42.59,42.59,47.92,47.92,47.92,47.92,47.92,47.92,26.62,26.62,26.62,26.62,26.62,26.62
12/27,15.97,15.97,15.97,15.97,15.97,15.97,42.59,42.59,42.59,42.59,42.59,42.59,47.92,47.92,47.92,47.92,47.92,47.92,26.62,26.62,26.62,26.62,26.62,26.62
12/28,12.78,12.78,12.78,12.78,12.78,12.78,34.07,34.07,34.07,34.07,34.07,34.07,38.33,38.33,38.33,38.33,38.33,38.33,21.3,21.3,21.3,21.3,21.3,21.3
12/29,12.78,12.78,12.78,12.78,12.78,12.78,34.07,34.07,34.07,34.07,34.07,34.07,38.33,38.33,38.33,38.33,38.33,38.33,21.3,21.3,21.3,21.3,21.3,21.3
12/30,12.78,12.78,12.78,12.78,12.78,12.78,34.07,34.07,34.07,34.07,34.07,34.07,38.33,38.33,38.33,38.33,38.33,38.33,21.3,21.3,21.3,21.3,21.3,21.3
12/31,12.78,12.78,12.78,12.78,12.78,12.78,34.07,34.07,34.07,34.07,34.07,34.07,38.33,38.33,38.33,38.33,38.33,38.33,21.3,21.3,21.3,21.3,21.3,21.3
